model,MAE,RMSE,MAPE
XGB_w168_sid_wx_top12_attn,155.38995361328125,282.66071202945767,692520832.0
GRU_w168_sid_wx_top12_attn,335.1351013183594,595.2760651580072,93433688.0
Naive_LastValue,378.74410582613376,707.9962733606038,266862893.91666302
GRU_ATT_w168_sid_wx_top12_attn,474.4440002441406,762.332153657446,79689544.0
LSTM_w168_sid_wx_top12_attn,448.95318603515625,789.5096579523267,86013152.0
Naive_LastWeek,378.96223406183174,967.5173597209063,3492838259.51211
