model,MAE,RMSE,MAPE
XGB_w24_wx,163.1587371826172,312.7558327793424,1636579072.0
GRU_w24_wx,250.34393310546875,458.3332746212084,92834024.0
LSTM_w24_wx,332.1933898925781,644.7423904165136,81917016.0
Naive_LastValue,378.74410582613376,707.9962733606038,266862893.91666302
Naive_LastWeek,378.96223406183174,967.5173597209063,3492838259.51211
