model,MAE,RMSE,MAPE
XGB_w168_wx,154.13157653808594,277.59435332873755,715719168.0
Naive_LastValue,378.74410582613376,707.9962733606038,266862893.91666302
Naive_LastWeek,378.96223406183174,967.5173597209063,3492838259.51211
LSTM_w168_wx,891.4443359375,1529.209518019032,111672352.0
GRU_w168_wx,989.091796875,1776.8956778606896,151053072.0
