model,MAE,RMSE,MAPE
GRU,438.4027811686198,733.7747155624178,172925783.0
XGB,166.2401123046875,320.27159125707317,343709640.0
